{
    "$schema": "https://schema.management.azure.com/schemas/2019-04-01/deploymentTemplate.json#",
    "contentVersion": "1.0.0.0",
    "parameters": {
        "vulnerabilityAssessments_Default_storageContainerPath": {
            "type": "SecureString"
        },
        "workspaces_fullershelfanalytics_name": {
            "defaultValue": "fullershelfanalytics",
            "type": "String"
        },
        "storageAccounts_fullershelfstorage_externalid": {
            "defaultValue": "/subscriptions/e0e4c830-14fd-4158-a8fd-fe2fc36a9287/resourceGroups/Fuller_Shelf_Shipping_Supplies/providers/Microsoft.Storage/storageAccounts/fullershelfstorage",
            "type": "String"
        }
    },
    "variables": {},
    "resources": [
        {
            "type": "Microsoft.Synapse/workspaces",
            "apiVersion": "2021-06-01",
            "name": "[parameters('workspaces_fullershelfanalytics_name')]",
            "location": "centralus",
            "tags": {
                "customer": "Lilly"
            },
            "identity": {
                "type": "SystemAssigned"
            },
            "properties": {
                "defaultDataLakeStorage": {
                    "resourceId": "[parameters('storageAccounts_fullershelfstorage_externalid')]",
                    "createManagedPrivateEndpoint": true,
                    "accountUrl": "https://fullershelfstorage.dfs.core.windows.net",
                    "filesystem": "fsfullershelfstorage"
                },
                "encryption": {},
                "managedVirtualNetwork": "default",
                "connectivityEndpoints": {
                    "web": "[concat('https://web.azuresynapse.net?workspace=%2fsubscriptions%2fe0e4c830-14fd-4158-a8fd-fe2fc36a9287%2fresourceGroups%2fFuller_Shelf_Shipping_Supplies%2fproviders%2fMicrosoft.Synapse%2fworkspaces%2f', parameters('workspaces_fullershelfanalytics_name'))]",
                    "dev": "[concat('https://', parameters('workspaces_fullershelfanalytics_name'), '.dev.azuresynapse.net')]",
                    "sqlOnDemand": "[concat(parameters('workspaces_fullershelfanalytics_name'), '-ondemand.sql.azuresynapse.net')]",
                    "sql": "[concat(parameters('workspaces_fullershelfanalytics_name'), '.sql.azuresynapse.net')]"
                },
                "managedResourceGroupName": "rg_synapse_managed_fuller_shelf_analytics",
                "sqlAdministratorLogin": "sqladminuser",
                "privateEndpointConnections": [
                    {
                        "properties": {
                            "privateEndpoint": {},
                            "privateLinkServiceConnectionState": {
                                "status": "Approved"
                            }
                        }
                    },
                    {
                        "properties": {
                            "privateEndpoint": {},
                            "privateLinkServiceConnectionState": {
                                "status": "Approved"
                            }
                        }
                    }
                ],
                "managedVirtualNetworkSettings": {
                    "preventDataExfiltration": true,
                    "allowedAadTenantIdsForLinking": []
                },
                "publicNetworkAccess": "Disabled",
                "cspWorkspaceAdminProperties": {
                    "initialWorkspaceAdminObjectId": "192aec8e-cec8-4f7a-b983-200058f525d0"
                },
                "azureADOnlyAuthentication": false,
                "trustedServiceBypassEnabled": false
            }
        },
        {
            "type": "Microsoft.Synapse/workspaces/auditingSettings",
            "apiVersion": "2021-06-01",
            "name": "[concat(parameters('workspaces_fullershelfanalytics_name'), '/Default')]",
            "dependsOn": [
                "[resourceId('Microsoft.Synapse/workspaces', parameters('workspaces_fullershelfanalytics_name'))]"
            ],
            "properties": {
                "retentionDays": 0,
                "auditActionsAndGroups": [],
                "isStorageSecondaryKeyInUse": false,
                "isAzureMonitorTargetEnabled": false,
                "state": "Disabled",
                "storageAccountSubscriptionId": "00000000-0000-0000-0000-000000000000"
            }
        },
        {
            "type": "Microsoft.Synapse/workspaces/azureADOnlyAuthentications",
            "apiVersion": "2021-06-01",
            "name": "[concat(parameters('workspaces_fullershelfanalytics_name'), '/default')]",
            "dependsOn": [
                "[resourceId('Microsoft.Synapse/workspaces', parameters('workspaces_fullershelfanalytics_name'))]"
            ],
            "properties": {
                "azureADOnlyAuthentication": false
            }
        },
        {
            "type": "Microsoft.Synapse/workspaces/dedicatedSQLminimalTlsSettings",
            "apiVersion": "2021-06-01",
            "name": "[concat(parameters('workspaces_fullershelfanalytics_name'), '/default')]",
            "location": "centralus",
            "dependsOn": [
                "[resourceId('Microsoft.Synapse/workspaces', parameters('workspaces_fullershelfanalytics_name'))]"
            ],
            "properties": {
                "minimalTlsVersion": "1.2"
            }
        },
        {
            "type": "Microsoft.Synapse/workspaces/extendedAuditingSettings",
            "apiVersion": "2021-06-01",
            "name": "[concat(parameters('workspaces_fullershelfanalytics_name'), '/Default')]",
            "dependsOn": [
                "[resourceId('Microsoft.Synapse/workspaces', parameters('workspaces_fullershelfanalytics_name'))]"
            ],
            "properties": {
                "retentionDays": 0,
                "auditActionsAndGroups": [],
                "isStorageSecondaryKeyInUse": false,
                "isAzureMonitorTargetEnabled": false,
                "state": "Disabled",
                "storageAccountSubscriptionId": "00000000-0000-0000-0000-000000000000"
            }
        },
        {
            "type": "Microsoft.Synapse/workspaces/integrationruntimes",
            "apiVersion": "2021-06-01",
            "name": "[concat(parameters('workspaces_fullershelfanalytics_name'), '/AutoResolveIntegrationRuntime')]",
            "dependsOn": [
                "[resourceId('Microsoft.Synapse/workspaces', parameters('workspaces_fullershelfanalytics_name'))]"
            ],
            "properties": {
                "type": "Managed",
                "typeProperties": {
                    "computeProperties": {
                        "location": "AutoResolve"
                    }
                },
                "managedVirtualNetwork": {
                    "referenceName": "default",
                    "type": "ManagedVirtualNetworkReference",
                    "id": "42506c40-f84c-454e-8eaa-f61a9ad9c695"
                }
            }
        },
        {
            "type": "Microsoft.Synapse/workspaces/privateEndpointConnections",
            "apiVersion": "2021-06-01",
            "name": "[concat(parameters('workspaces_fullershelfanalytics_name'), '/pe_fullershelf_synapse_sqlondemand-ce51d8ce-8cc8-4294-8a73-62fffdb323f0')]",
            "dependsOn": [
                "[resourceId('Microsoft.Synapse/workspaces', parameters('workspaces_fullershelfanalytics_name'))]"
            ],
            "properties": {
                "privateEndpoint": {},
                "privateLinkServiceConnectionState": {
                    "status": "Approved"
                }
            }
        },
        {
            "type": "Microsoft.Synapse/workspaces/privateEndpointConnections",
            "apiVersion": "2021-06-01",
            "name": "[concat(parameters('workspaces_fullershelfanalytics_name'), '/pe_fullershelfsynapse_web-41c98fc9-d6ff-49f9-9e14-3ae6dc21a99d')]",
            "dependsOn": [
                "[resourceId('Microsoft.Synapse/workspaces', parameters('workspaces_fullershelfanalytics_name'))]"
            ],
            "properties": {
                "privateEndpoint": {},
                "privateLinkServiceConnectionState": {
                    "status": "Approved"
                }
            }
        },
        {
            "type": "Microsoft.Synapse/workspaces/securityAlertPolicies",
            "apiVersion": "2021-06-01",
            "name": "[concat(parameters('workspaces_fullershelfanalytics_name'), '/Default')]",
            "dependsOn": [
                "[resourceId('Microsoft.Synapse/workspaces', parameters('workspaces_fullershelfanalytics_name'))]"
            ],
            "properties": {
                "state": "Disabled",
                "disabledAlerts": [
                    ""
                ],
                "emailAddresses": [
                    ""
                ],
                "emailAccountAdmins": false,
                "retentionDays": 0
            }
        },
        {
            "type": "Microsoft.Synapse/workspaces/vulnerabilityAssessments",
            "apiVersion": "2021-06-01",
            "name": "[concat(parameters('workspaces_fullershelfanalytics_name'), '/Default')]",
            "dependsOn": [
                "[resourceId('Microsoft.Synapse/workspaces', parameters('workspaces_fullershelfanalytics_name'))]"
            ],
            "properties": {
                "recurringScans": {
                    "isEnabled": false,
                    "emailSubscriptionAdmins": true
                },
                "storageContainerPath": "[parameters('vulnerabilityAssessments_Default_storageContainerPath')]"
            }
        }
    ]
}