{
    "$schema": "https://schema.management.azure.com/schemas/2015-01-01/deploymentParameters.json#",
    "contentVersion": "1.0.0.0",
    "parameters": {
        "databaseAccounts_fullershelfonlinedb_name": {
            "value": null
        },
        "workspaces_fullershelfanalytics_externalid": {
            "value": null
        },
        "privateEndpoints_fullershelfanalytics_pe_CosmoDB_fullershelfonlinedb_analytical_store_externalid": {
            "value": null
        },
        "privateEndpoints_pe_fullershelfcosmos_externalid": {
            "value": null
        }
    }
}