{
    "$schema": "https://schema.management.azure.com/schemas/2019-04-01/deploymentTemplate.json#",
    "contentVersion": "1.0.0.0",
    "parameters": {
        "databaseAccounts_fullershelfonlinedb_name": {
            "defaultValue": "fullershelfonlinedb",
            "type": "String"
        },
        "workspaces_fullershelfanalytics_externalid": {
            "defaultValue": "/subscriptions/e0e4c830-14fd-4158-a8fd-fe2fc36a9287/resourceGroups/Fuller_Shelf_Shipping_Supplies/providers/Microsoft.Synapse/workspaces/fullershelfanalytics",
            "type": "String"
        },
        "privateEndpoints_fullershelfanalytics_pe_CosmoDB_fullershelfonlinedb_analytical_store_externalid": {
            "defaultValue": "/subscriptions/55d1412d-b7e5-4ef7-b361-a5c1ec9d05a8/resourceGroups/vnet-55d1412d-centralus-56-rg/providers/Microsoft.Network/privateEndpoints/fullershelfanalytics.pe_CosmoDB_fullershelfonlinedb_analytical_store",
            "type": "String"
        },
        "privateEndpoints_pe_fullershelfcosmos_externalid": {
            "defaultValue": "/subscriptions/e0e4c830-14fd-4158-a8fd-fe2fc36a9287/resourceGroups/Fuller_Shelf_Shipping_Supplies/providers/Microsoft.Network/privateEndpoints/pe_fullershelfcosmos",
            "type": "String"
        }
    },
    "variables": {},
    "resources": [
        {
            "type": "Microsoft.DocumentDB/databaseAccounts",
            "apiVersion": "2022-05-15",
            "name": "[parameters('databaseAccounts_fullershelfonlinedb_name')]",
            "location": "Central US",
            "tags": {
                "defaultExperience": "Core (SQL)",
                "customer": "Lilly",
                "hidden-cosmos-mmspecial": ""
            },
            "kind": "GlobalDocumentDB",
            "identity": {
                "type": "None"
            },
            "properties": {
                "publicNetworkAccess": "Disabled",
                "enableAutomaticFailover": false,
                "enableMultipleWriteLocations": false,
                "isVirtualNetworkFilterEnabled": false,
                "virtualNetworkRules": [],
                "disableKeyBasedMetadataWriteAccess": false,
                "enableFreeTier": false,
                "enableAnalyticalStorage": true,
                "analyticalStorageConfiguration": {
                    "schemaType": "WellDefined"
                },
                "databaseAccountOfferType": "Standard",
                "defaultIdentity": "FirstPartyIdentity",
                "networkAclBypass": "AzureServices",
                "disableLocalAuth": false,
                "consistencyPolicy": {
                    "defaultConsistencyLevel": "Session",
                    "maxIntervalInSeconds": 5,
                    "maxStalenessPrefix": 100
                },
                "locations": [
                    {
                        "locationName": "Central US",
                        "provisioningState": "Succeeded",
                        "failoverPriority": 0,
                        "isZoneRedundant": false
                    }
                ],
                "cors": [],
                "capabilities": [
                    {
                        "name": "EnableServerless"
                    }
                ],
                "ipRules": [
                    {
                        "ipAddressOrRange": "104.42.195.92"
                    },
                    {
                        "ipAddressOrRange": "40.76.54.131"
                    },
                    {
                        "ipAddressOrRange": "52.176.6.30"
                    },
                    {
                        "ipAddressOrRange": "52.169.50.45"
                    },
                    {
                        "ipAddressOrRange": "52.187.184.26"
                    }
                ],
                "backupPolicy": {
                    "type": "Periodic",
                    "periodicModeProperties": {
                        "backupIntervalInMinutes": 240,
                        "backupRetentionIntervalInHours": 8,
                        "backupStorageRedundancy": "Local"
                    }
                },
                "networkAclBypassResourceIds": [
                    "[parameters('workspaces_fullershelfanalytics_externalid')]"
                ],
                "capacity": {
                    "totalThroughputLimit": 4000
                }
            }
        },
        {
            "type": "Microsoft.DocumentDB/databaseAccounts/privateEndpointConnections",
            "apiVersion": "2022-05-15",
            "name": "[concat(parameters('databaseAccounts_fullershelfonlinedb_name'), '/fullershelfanalytics.pe_CosmoDB_', parameters('databaseAccounts_fullershelfonlinedb_name'), '_analytical_store')]",
            "dependsOn": [
                "[resourceId('Microsoft.DocumentDB/databaseAccounts', parameters('databaseAccounts_fullershelfonlinedb_name'))]"
            ],
            "properties": {
                "provisioningState": "Succeeded",
                "groupId": "Analytical",
                "privateEndpoint": {
                    "id": "[parameters('privateEndpoints_fullershelfanalytics_pe_CosmoDB_fullershelfonlinedb_analytical_store_externalid')]"
                },
                "privateLinkServiceConnectionState": {
                    "status": "Pending"
                }
            }
        },
        {
            "type": "Microsoft.DocumentDB/databaseAccounts/privateEndpointConnections",
            "apiVersion": "2022-05-15",
            "name": "[concat(parameters('databaseAccounts_fullershelfonlinedb_name'), '/pe_fullershelfcosmos')]",
            "dependsOn": [
                "[resourceId('Microsoft.DocumentDB/databaseAccounts', parameters('databaseAccounts_fullershelfonlinedb_name'))]"
            ],
            "properties": {
                "provisioningState": "Succeeded",
                "groupId": "Sql",
                "privateEndpoint": {
                    "id": "[parameters('privateEndpoints_pe_fullershelfcosmos_externalid')]"
                },
                "privateLinkServiceConnectionState": {
                    "status": "Approved"
                }
            }
        },
        {
            "type": "Microsoft.DocumentDB/databaseAccounts/sqlDatabases",
            "apiVersion": "2022-05-15",
            "name": "[concat(parameters('databaseAccounts_fullershelfonlinedb_name'), '/OutPatientInfo')]",
            "dependsOn": [
                "[resourceId('Microsoft.DocumentDB/databaseAccounts', parameters('databaseAccounts_fullershelfonlinedb_name'))]"
            ],
            "properties": {
                "resource": {
                    "id": "OutPatientInfo"
                }
            }
        },
        {
            "type": "Microsoft.DocumentDB/databaseAccounts/sqlRoleDefinitions",
            "apiVersion": "2022-05-15",
            "name": "[concat(parameters('databaseAccounts_fullershelfonlinedb_name'), '/00000000-0000-0000-0000-000000000001')]",
            "dependsOn": [
                "[resourceId('Microsoft.DocumentDB/databaseAccounts', parameters('databaseAccounts_fullershelfonlinedb_name'))]"
            ],
            "properties": {
                "roleName": "Cosmos DB Built-in Data Reader",
                "type": "BuiltInRole",
                "assignableScopes": [
                    "[resourceId('Microsoft.DocumentDB/databaseAccounts', parameters('databaseAccounts_fullershelfonlinedb_name'))]"
                ],
                "permissions": [
                    {
                        "dataActions": [
                            "Microsoft.DocumentDB/databaseAccounts/readMetadata",
                            "Microsoft.DocumentDB/databaseAccounts/sqlDatabases/containers/executeQuery",
                            "Microsoft.DocumentDB/databaseAccounts/sqlDatabases/containers/readChangeFeed",
                            "Microsoft.DocumentDB/databaseAccounts/sqlDatabases/containers/items/read"
                        ],
                        "notDataActions": []
                    }
                ]
            }
        },
        {
            "type": "Microsoft.DocumentDB/databaseAccounts/sqlRoleDefinitions",
            "apiVersion": "2022-05-15",
            "name": "[concat(parameters('databaseAccounts_fullershelfonlinedb_name'), '/00000000-0000-0000-0000-000000000002')]",
            "dependsOn": [
                "[resourceId('Microsoft.DocumentDB/databaseAccounts', parameters('databaseAccounts_fullershelfonlinedb_name'))]"
            ],
            "properties": {
                "roleName": "Cosmos DB Built-in Data Contributor",
                "type": "BuiltInRole",
                "assignableScopes": [
                    "[resourceId('Microsoft.DocumentDB/databaseAccounts', parameters('databaseAccounts_fullershelfonlinedb_name'))]"
                ],
                "permissions": [
                    {
                        "dataActions": [
                            "Microsoft.DocumentDB/databaseAccounts/readMetadata",
                            "Microsoft.DocumentDB/databaseAccounts/sqlDatabases/containers/*",
                            "Microsoft.DocumentDB/databaseAccounts/sqlDatabases/containers/items/*"
                        ],
                        "notDataActions": []
                    }
                ]
            }
        },
        {
            "type": "Microsoft.DocumentDB/databaseAccounts/sqlDatabases/containers",
            "apiVersion": "2022-05-15",
            "name": "[concat(parameters('databaseAccounts_fullershelfonlinedb_name'), '/OutPatientInfo/patient')]",
            "dependsOn": [
                "[resourceId('Microsoft.DocumentDB/databaseAccounts/sqlDatabases', parameters('databaseAccounts_fullershelfonlinedb_name'), 'OutPatientInfo')]",
                "[resourceId('Microsoft.DocumentDB/databaseAccounts', parameters('databaseAccounts_fullershelfonlinedb_name'))]"
            ],
            "properties": {
                "resource": {
                    "id": "patient",
                    "indexingPolicy": {
                        "indexingMode": "consistent",
                        "automatic": true,
                        "includedPaths": [
                            {
                                "path": "/*"
                            }
                        ],
                        "excludedPaths": [
                            {
                                "path": "/\"_etag\"/?"
                            }
                        ]
                    },
                    "partitionKey": {
                        "paths": [
                            "/id"
                        ],
                        "kind": "Hash"
                    },
                    "uniqueKeyPolicy": {
                        "uniqueKeys": []
                    },
                    "conflictResolutionPolicy": {
                        "mode": "LastWriterWins",
                        "conflictResolutionPath": "/_ts"
                    },
                    "analyticalStorageTtl": -1
                }
            }
        }
    ]
}